ship_id,localized_name,tech_id,class,stats,rule,description
ship_type_submarine_11,Autonomous Attack Submarine,tech_military_naval_forces_11,submarine,modification_construction_cost=280; modifier.ship_max_distance_to_port_add=13; modifier.ship_construction_progress_max_add=25; modifier.ship_hit_points_max_add=6800; modifier.ship_crew_max_add=20; modifier.ship_movement_speed_add=10; modifier.ship_supply_capacity_add=70; modifier.ship_hull_damage_add=140; modifier.ship_crew_damage_add=60; modifier.ship_armor_add=90; modifier.ship_critical_hit_chance_add=0.42; modifier.ship_critical_hit_multiplier_add=3.7; modifier.ship_vulnerability_add=0; modifier.ship_screening_add=55; modifier.ship_readiness_gain_add=17; modifier.ship_accuracy_add=31; modifier.ship_visibility_add=20; modifier.ship_detection_add=80; modifier.ship_blockade_strength_add=220; construction_goods.goods_input_steel_add=2900; construction_goods.goods_input_engines_add=1450; construction_goods.goods_input_computers_add=800; materiel_goods.goods_input_steel_add=1.4; materiel_goods.goods_input_ammunition_add=1.4; materiel_goods.goods_input_lead_add=1.6; materiel_goods.goods_input_computers_add=1.2,"Continue the final live per-tier delta (Era9→10; carrier Era7→8). Floors: crew >=20; vulnerability, marine capacity and carrying capacity >=0. Preserve all constant group, distance-damage, accuracy-vs-class, icon/profile, AI and flagship fields from the current final ship.",Autonomous control systems let the attack submarine stalk contacts for long periods with a drastically reduced crew. Passive sensor fusion and machine navigation keep it quiet while unmanned auxiliaries probe waters too dangerous for the mother vessel.
ship_type_submarine_12,Hypersonic Arsenal Submarine,tech_military_naval_forces_12,submarine,modification_construction_cost=300; modifier.ship_max_distance_to_port_add=14; modifier.ship_construction_progress_max_add=25; modifier.ship_hit_points_max_add=7600; modifier.ship_crew_max_add=20; modifier.ship_movement_speed_add=11; modifier.ship_supply_capacity_add=80; modifier.ship_hull_damage_add=155; modifier.ship_crew_damage_add=65; modifier.ship_armor_add=100; modifier.ship_critical_hit_chance_add=0.44; modifier.ship_critical_hit_multiplier_add=3.9; modifier.ship_vulnerability_add=0; modifier.ship_screening_add=60; modifier.ship_readiness_gain_add=18; modifier.ship_accuracy_add=32; modifier.ship_visibility_add=22; modifier.ship_detection_add=90; modifier.ship_blockade_strength_add=240; construction_goods.goods_input_steel_add=3100; construction_goods.goods_input_engines_add=1550; construction_goods.goods_input_computers_add=900; materiel_goods.goods_input_steel_add=1.6; materiel_goods.goods_input_ammunition_add=1.6; materiel_goods.goods_input_lead_add=1.8; materiel_goods.goods_input_computers_add=1.4,"Continue the final live per-tier delta (Era9→10; carrier Era7→8). Floors: crew >=20; vulnerability, marine capacity and carrying capacity >=0. Preserve all constant group, distance-damage, accuracy-vs-class, icon/profile, AI and flagship fields from the current final ship.","Large hypersonic weapons turn the submarine into a concealed arsenal capable of striking ships, air defenses, and land targets before warning networks can react. The hull becomes less a torpedo boat than a mobile, submerged first-strike battery."
ship_type_submarine_13,Uncrewed Hunter Submarine,tech_military_naval_forces_13,submarine,modification_construction_cost=320; modifier.ship_max_distance_to_port_add=15; modifier.ship_construction_progress_max_add=25; modifier.ship_hit_points_max_add=8400; modifier.ship_crew_max_add=20; modifier.ship_movement_speed_add=12; modifier.ship_supply_capacity_add=90; modifier.ship_hull_damage_add=170; modifier.ship_crew_damage_add=70; modifier.ship_armor_add=110; modifier.ship_critical_hit_chance_add=0.46; modifier.ship_critical_hit_multiplier_add=4.1; modifier.ship_vulnerability_add=0; modifier.ship_screening_add=65; modifier.ship_readiness_gain_add=19; modifier.ship_accuracy_add=33; modifier.ship_visibility_add=24; modifier.ship_detection_add=100; modifier.ship_blockade_strength_add=260; construction_goods.goods_input_steel_add=3300; construction_goods.goods_input_engines_add=1650; construction_goods.goods_input_computers_add=1000; materiel_goods.goods_input_steel_add=1.8; materiel_goods.goods_input_ammunition_add=1.8; materiel_goods.goods_input_lead_add=2; materiel_goods.goods_input_computers_add=1.6,"Continue the final live per-tier delta (Era9→10; carrier Era7→8). Floors: crew >=20; vulnerability, marine capacity and carrying capacity >=0. Preserve all constant group, distance-damage, accuracy-vs-class, icon/profile, AI and flagship fields from the current final ship.","With no crew to protect, the hunter submarine can dive deeper, remain submerged longer, and accept maneuvers that would injure human sailors. It is designed to wait almost motionless for weeks before accelerating violently to attack a detected contact."
ship_type_submarine_14,Drone Carrier Submarine,tech_military_naval_forces_14,submarine,modification_construction_cost=340; modifier.ship_max_distance_to_port_add=16; modifier.ship_construction_progress_max_add=25; modifier.ship_hit_points_max_add=9200; modifier.ship_crew_max_add=20; modifier.ship_movement_speed_add=13; modifier.ship_supply_capacity_add=100; modifier.ship_hull_damage_add=185; modifier.ship_crew_damage_add=75; modifier.ship_armor_add=120; modifier.ship_critical_hit_chance_add=0.48; modifier.ship_critical_hit_multiplier_add=4.3; modifier.ship_vulnerability_add=0; modifier.ship_screening_add=70; modifier.ship_readiness_gain_add=20; modifier.ship_accuracy_add=34; modifier.ship_visibility_add=26; modifier.ship_detection_add=110; modifier.ship_blockade_strength_add=280; construction_goods.goods_input_steel_add=3500; construction_goods.goods_input_engines_add=1750; construction_goods.goods_input_computers_add=1100; materiel_goods.goods_input_steel_add=2; materiel_goods.goods_input_ammunition_add=2; materiel_goods.goods_input_lead_add=2.2; materiel_goods.goods_input_computers_add=1.8,"Continue the final live per-tier delta (Era9→10; carrier Era7→8). Floors: crew >=20; vulnerability, marine capacity and carrying capacity >=0. Preserve all constant group, distance-damage, accuracy-vs-class, icon/profile, AI and flagship fields from the current final ship.","Internal bays release autonomous underwater vehicles that scout, mine, jam, relay communications, and attack independently. A single submarine can spread a web of sensors and weapons across an ocean chokepoint without revealing its own position."
ship_type_submarine_15,Metamaterial Stealth Submarine,tech_military_naval_forces_15,submarine,modification_construction_cost=360; modifier.ship_max_distance_to_port_add=17; modifier.ship_construction_progress_max_add=25; modifier.ship_hit_points_max_add=10000; modifier.ship_crew_max_add=20; modifier.ship_movement_speed_add=14; modifier.ship_supply_capacity_add=110; modifier.ship_hull_damage_add=200; modifier.ship_crew_damage_add=80; modifier.ship_armor_add=130; modifier.ship_critical_hit_chance_add=0.5; modifier.ship_critical_hit_multiplier_add=4.5; modifier.ship_vulnerability_add=0; modifier.ship_screening_add=75; modifier.ship_readiness_gain_add=21; modifier.ship_accuracy_add=35; modifier.ship_visibility_add=28; modifier.ship_detection_add=120; modifier.ship_blockade_strength_add=300; construction_goods.goods_input_steel_add=3700; construction_goods.goods_input_engines_add=1850; construction_goods.goods_input_computers_add=1200; materiel_goods.goods_input_steel_add=2.2; materiel_goods.goods_input_ammunition_add=2.2; materiel_goods.goods_input_lead_add=2.4; materiel_goods.goods_input_computers_add=2,"Continue the final live per-tier delta (Era9→10; carrier Era7→8). Floors: crew >=20; vulnerability, marine capacity and carrying capacity >=0. Preserve all constant group, distance-damage, accuracy-vs-class, icon/profile, AI and flagship fields from the current final ship.","Metamaterial coatings and actively controlled hull surfaces manipulate acoustic, magnetic, and electromagnetic signatures instead of merely dampening them. The submarine attempts not only to become quiet, but to make hostile sensors perceive the wrong object in the wrong place."
ship_type_submarine_16,Fusion Attack Submarine,tech_military_naval_forces_16,submarine,modification_construction_cost=380; modifier.ship_max_distance_to_port_add=18; modifier.ship_construction_progress_max_add=25; modifier.ship_hit_points_max_add=10800; modifier.ship_crew_max_add=20; modifier.ship_movement_speed_add=15; modifier.ship_supply_capacity_add=120; modifier.ship_hull_damage_add=215; modifier.ship_crew_damage_add=85; modifier.ship_armor_add=140; modifier.ship_critical_hit_chance_add=0.52; modifier.ship_critical_hit_multiplier_add=4.7; modifier.ship_vulnerability_add=0; modifier.ship_screening_add=80; modifier.ship_readiness_gain_add=22; modifier.ship_accuracy_add=36; modifier.ship_visibility_add=30; modifier.ship_detection_add=130; modifier.ship_blockade_strength_add=320; construction_goods.goods_input_steel_add=3900; construction_goods.goods_input_engines_add=1950; construction_goods.goods_input_computers_add=1300; materiel_goods.goods_input_steel_add=2.4; materiel_goods.goods_input_ammunition_add=2.4; materiel_goods.goods_input_lead_add=2.6; materiel_goods.goods_input_computers_add=2.2,"Continue the final live per-tier delta (Era9→10; carrier Era7→8). Floors: crew >=20; vulnerability, marine capacity and carrying capacity >=0. Preserve all constant group, distance-damage, accuracy-vs-class, icon/profile, AI and flagship fields from the current final ship.","Compact fusion power gives the attack submarine immense endurance and electrical reserve without the acoustic compromises of older high-output plants. High-speed transit, directed-energy auxiliaries, and sustained sensor operation no longer compete so sharply for reactor capacity."
ship_type_submarine_17,Abyssal Sensor Submarine,tech_military_naval_forces_17,submarine,modification_construction_cost=400; modifier.ship_max_distance_to_port_add=19; modifier.ship_construction_progress_max_add=25; modifier.ship_hit_points_max_add=11600; modifier.ship_crew_max_add=20; modifier.ship_movement_speed_add=16; modifier.ship_supply_capacity_add=130; modifier.ship_hull_damage_add=230; modifier.ship_crew_damage_add=90; modifier.ship_armor_add=150; modifier.ship_critical_hit_chance_add=0.54; modifier.ship_critical_hit_multiplier_add=4.9; modifier.ship_vulnerability_add=0; modifier.ship_screening_add=85; modifier.ship_readiness_gain_add=23; modifier.ship_accuracy_add=37; modifier.ship_visibility_add=32; modifier.ship_detection_add=140; modifier.ship_blockade_strength_add=340; construction_goods.goods_input_steel_add=4100; construction_goods.goods_input_engines_add=2050; construction_goods.goods_input_computers_add=1400; materiel_goods.goods_input_steel_add=2.6; materiel_goods.goods_input_ammunition_add=2.6; materiel_goods.goods_input_lead_add=2.8; materiel_goods.goods_input_computers_add=2.4,"Continue the final live per-tier delta (Era9→10; carrier Era7→8). Floors: crew >=20; vulnerability, marine capacity and carrying capacity >=0. Preserve all constant group, distance-damage, accuracy-vs-class, icon/profile, AI and flagship fields from the current final ship.","Abyssal sensor submarines use vast distributed arrays, seabed drones, and pressure-tolerant probes to turn the deep ocean into an intelligence domain. They can map distant propeller noise, thermal disturbances, and undersea infrastructure from depths beyond routine naval operations."
ship_type_submarine_18,Near-Space Linked Submarine,tech_military_naval_forces_18,submarine,modification_construction_cost=420; modifier.ship_max_distance_to_port_add=20; modifier.ship_construction_progress_max_add=25; modifier.ship_hit_points_max_add=12400; modifier.ship_crew_max_add=20; modifier.ship_movement_speed_add=17; modifier.ship_supply_capacity_add=140; modifier.ship_hull_damage_add=245; modifier.ship_crew_damage_add=95; modifier.ship_armor_add=160; modifier.ship_critical_hit_chance_add=0.56; modifier.ship_critical_hit_multiplier_add=5.1; modifier.ship_vulnerability_add=0; modifier.ship_screening_add=90; modifier.ship_readiness_gain_add=24; modifier.ship_accuracy_add=38; modifier.ship_visibility_add=34; modifier.ship_detection_add=150; modifier.ship_blockade_strength_add=360; construction_goods.goods_input_steel_add=4300; construction_goods.goods_input_engines_add=2150; construction_goods.goods_input_computers_add=1500; materiel_goods.goods_input_steel_add=2.8; materiel_goods.goods_input_ammunition_add=2.8; materiel_goods.goods_input_lead_add=3; materiel_goods.goods_input_computers_add=2.6,"Continue the final live per-tier delta (Era9→10; carrier Era7→8). Floors: crew >=20; vulnerability, marine capacity and carrying capacity >=0. Preserve all constant group, distance-damage, accuracy-vs-class, icon/profile, AI and flagship fields from the current final ship.","Tight links to near-space relays give a submerged fleet access to targeting and navigation data without long exposure at the surface. Burst communications synchronize undersea weapons with aircraft, satellites, and surface fleets across planetary distances."
ship_type_submarine_19,Self-Sustaining Deep-Ocean Submarine,tech_military_naval_forces_19,submarine,modification_construction_cost=440; modifier.ship_max_distance_to_port_add=21; modifier.ship_construction_progress_max_add=25; modifier.ship_hit_points_max_add=13200; modifier.ship_crew_max_add=20; modifier.ship_movement_speed_add=18; modifier.ship_supply_capacity_add=150; modifier.ship_hull_damage_add=260; modifier.ship_crew_damage_add=100; modifier.ship_armor_add=170; modifier.ship_critical_hit_chance_add=0.58; modifier.ship_critical_hit_multiplier_add=5.3; modifier.ship_vulnerability_add=0; modifier.ship_screening_add=95; modifier.ship_readiness_gain_add=25; modifier.ship_accuracy_add=39; modifier.ship_visibility_add=36; modifier.ship_detection_add=160; modifier.ship_blockade_strength_add=380; construction_goods.goods_input_steel_add=4500; construction_goods.goods_input_engines_add=2250; construction_goods.goods_input_computers_add=1600; materiel_goods.goods_input_steel_add=3; materiel_goods.goods_input_ammunition_add=3; materiel_goods.goods_input_lead_add=3.2; materiel_goods.goods_input_computers_add=2.8,"Continue the final live per-tier delta (Era9→10; carrier Era7→8). Floors: crew >=20; vulnerability, marine capacity and carrying capacity >=0. Preserve all constant group, distance-damage, accuracy-vs-class, icon/profile, AI and flagship fields from the current final ship.","Closed-loop stores, automated maintenance, and onboard fabrication let this submarine remain in deep water for extraordinary deployments. It carries not merely spare parts but the machine tools and raw feedstock needed to manufacture many replacements at sea."
ship_type_submarine_20,Pelagic Dominance Submarine,tech_military_naval_forces_20,submarine,modification_construction_cost=460; modifier.ship_max_distance_to_port_add=22; modifier.ship_construction_progress_max_add=25; modifier.ship_hit_points_max_add=14000; modifier.ship_crew_max_add=20; modifier.ship_movement_speed_add=19; modifier.ship_supply_capacity_add=160; modifier.ship_hull_damage_add=275; modifier.ship_crew_damage_add=105; modifier.ship_armor_add=180; modifier.ship_critical_hit_chance_add=0.6; modifier.ship_critical_hit_multiplier_add=5.5; modifier.ship_vulnerability_add=0; modifier.ship_screening_add=100; modifier.ship_readiness_gain_add=26; modifier.ship_accuracy_add=40; modifier.ship_visibility_add=38; modifier.ship_detection_add=170; modifier.ship_blockade_strength_add=400; construction_goods.goods_input_steel_add=4700; construction_goods.goods_input_engines_add=2350; construction_goods.goods_input_computers_add=1700; materiel_goods.goods_input_steel_add=3.2; materiel_goods.goods_input_ammunition_add=3.2; materiel_goods.goods_input_lead_add=3.4; materiel_goods.goods_input_computers_add=3,"Continue the final live per-tier delta (Era9→10; carrier Era7→8). Floors: crew >=20; vulnerability, marine capacity and carrying capacity >=0. Preserve all constant group, distance-damage, accuracy-vs-class, icon/profile, AI and flagship fields from the current final ship.","The pelagic dominance submarine is a roaming undersea command system surrounded by autonomous scouts, weapons, decoys, and repair drones. It treats whole ocean basins as a continuous maneuver space and can prosecute a campaign without approaching a friendly port."
ship_type_destroyer_11,Autonomous Fleet Destroyer,tech_military_naval_forces_11,destroyer,modification_construction_cost=80; modifier.ship_max_distance_to_port_add=13; modifier.ship_construction_progress_max_add=25; modifier.ship_hit_points_max_add=4200; modifier.ship_crew_max_add=60; modifier.ship_movement_speed_add=10; modifier.ship_supply_capacity_add=60; modifier.ship_hull_damage_add=95; modifier.ship_crew_damage_add=60; modifier.ship_armor_add=80; modifier.ship_critical_hit_chance_add=0.33; modifier.ship_critical_hit_multiplier_add=2.4; modifier.ship_vulnerability_add=5; modifier.ship_screening_add=240; modifier.ship_readiness_gain_add=16; modifier.ship_accuracy_add=22; modifier.ship_visibility_add=32; modifier.ship_detection_add=140; modifier.ship_blockade_strength_add=280; modifier.ship_carrying_capacity_add=1; modifier.ship_marine_capacity_add=0.13; construction_goods.goods_input_steel_add=2900; construction_goods.goods_input_engines_add=1450; construction_goods.goods_input_computers_add=900; materiel_goods.goods_input_oil_add=1.6; materiel_goods.goods_input_steel_add=1.4; materiel_goods.goods_input_ammunition_add=1.4; materiel_goods.goods_input_computers_add=1.2,"Continue the final live per-tier delta (Era9→10; carrier Era7→8). Floors: crew >=20; vulnerability, marine capacity and carrying capacity >=0. Preserve all constant group, distance-damage, accuracy-vs-class, icon/profile, AI and flagship fields from the current final ship.","An autonomous fleet destroyer couples dense sensors with machine-speed defensive control. It escorts larger ships by assigning missiles, drones, jammers, and guns against threats in fractions of a second, reducing the reaction delay that once defined fleet air defense."
ship_type_destroyer_12,Hypersonic Defense Destroyer,tech_military_naval_forces_12,destroyer,modification_construction_cost=80; modifier.ship_max_distance_to_port_add=14; modifier.ship_construction_progress_max_add=25; modifier.ship_hit_points_max_add=4400; modifier.ship_crew_max_add=40; modifier.ship_movement_speed_add=11; modifier.ship_supply_capacity_add=65; modifier.ship_hull_damage_add=100; modifier.ship_crew_damage_add=65; modifier.ship_armor_add=90; modifier.ship_critical_hit_chance_add=0.34; modifier.ship_critical_hit_multiplier_add=2.5; modifier.ship_vulnerability_add=0; modifier.ship_screening_add=250; modifier.ship_readiness_gain_add=17; modifier.ship_accuracy_add=24; modifier.ship_visibility_add=34; modifier.ship_detection_add=150; modifier.ship_blockade_strength_add=300; modifier.ship_carrying_capacity_add=1; modifier.ship_marine_capacity_add=0.135; construction_goods.goods_input_steel_add=3100; construction_goods.goods_input_engines_add=1550; construction_goods.goods_input_computers_add=1000; materiel_goods.goods_input_oil_add=1.8; materiel_goods.goods_input_steel_add=1.6; materiel_goods.goods_input_ammunition_add=1.6; materiel_goods.goods_input_computers_add=1.4,"Continue the final live per-tier delta (Era9→10; carrier Era7→8). Floors: crew >=20; vulnerability, marine capacity and carrying capacity >=0. Preserve all constant group, distance-damage, accuracy-vs-class, icon/profile, AI and flagship fields from the current final ship.","Hypersonic interceptors extend the destroyer’s defensive umbrella far beyond the horizon. The ship is designed to kill incoming boost and glide weapons early, before terminal maneuvers compress the engagement window to seconds."
ship_type_destroyer_13,Uncrewed Missile Destroyer,tech_military_naval_forces_13,destroyer,modification_construction_cost=80; modifier.ship_max_distance_to_port_add=15; modifier.ship_construction_progress_max_add=25; modifier.ship_hit_points_max_add=4600; modifier.ship_crew_max_add=20; modifier.ship_movement_speed_add=12; modifier.ship_supply_capacity_add=70; modifier.ship_hull_damage_add=105; modifier.ship_crew_damage_add=70; modifier.ship_armor_add=100; modifier.ship_critical_hit_chance_add=0.35; modifier.ship_critical_hit_multiplier_add=2.6; modifier.ship_vulnerability_add=0; modifier.ship_screening_add=260; modifier.ship_readiness_gain_add=18; modifier.ship_accuracy_add=26; modifier.ship_visibility_add=36; modifier.ship_detection_add=160; modifier.ship_blockade_strength_add=320; modifier.ship_carrying_capacity_add=1; modifier.ship_marine_capacity_add=0.14; construction_goods.goods_input_steel_add=3300; construction_goods.goods_input_engines_add=1650; construction_goods.goods_input_computers_add=1100; materiel_goods.goods_input_oil_add=2; materiel_goods.goods_input_steel_add=1.8; materiel_goods.goods_input_ammunition_add=1.8; materiel_goods.goods_input_computers_add=1.6,"Continue the final live per-tier delta (Era9→10; carrier Era7→8). Floors: crew >=20; vulnerability, marine capacity and carrying capacity >=0. Preserve all constant group, distance-damage, accuracy-vs-class, icon/profile, AI and flagship fields from the current final ship.","Removing most of the crew frees internal volume for missiles, power systems, and damage isolation. The uncrewed destroyer can be risked aggressively as a forward sensor and weapons node without accepting the political and human cost of losing a conventional escort."
ship_type_destroyer_14,Drone Screen Destroyer,tech_military_naval_forces_14,destroyer,modification_construction_cost=80; modifier.ship_max_distance_to_port_add=16; modifier.ship_construction_progress_max_add=25; modifier.ship_hit_points_max_add=4800; modifier.ship_crew_max_add=20; modifier.ship_movement_speed_add=13; modifier.ship_supply_capacity_add=75; modifier.ship_hull_damage_add=110; modifier.ship_crew_damage_add=75; modifier.ship_armor_add=110; modifier.ship_critical_hit_chance_add=0.36; modifier.ship_critical_hit_multiplier_add=2.7; modifier.ship_vulnerability_add=0; modifier.ship_screening_add=270; modifier.ship_readiness_gain_add=19; modifier.ship_accuracy_add=28; modifier.ship_visibility_add=38; modifier.ship_detection_add=170; modifier.ship_blockade_strength_add=340; modifier.ship_carrying_capacity_add=1; modifier.ship_marine_capacity_add=0.145; construction_goods.goods_input_steel_add=3500; construction_goods.goods_input_engines_add=1750; construction_goods.goods_input_computers_add=1200; materiel_goods.goods_input_oil_add=2.2; materiel_goods.goods_input_steel_add=2; materiel_goods.goods_input_ammunition_add=2; materiel_goods.goods_input_computers_add=1.8,"Continue the final live per-tier delta (Era9→10; carrier Era7→8). Floors: crew >=20; vulnerability, marine capacity and carrying capacity >=0. Preserve all constant group, distance-damage, accuracy-vs-class, icon/profile, AI and flagship fields from the current final ship.","Drone screen destroyers launch clouds of unmanned aircraft and surface craft to push the fleet’s defensive perimeter outward. The escorts hunt submarines, relay targeting, jam seekers, and physically interpose themselves between high-value ships and incoming weapons."
ship_type_destroyer_15,Directed-Energy Destroyer,tech_military_naval_forces_15,destroyer,modification_construction_cost=80; modifier.ship_max_distance_to_port_add=17; modifier.ship_construction_progress_max_add=25; modifier.ship_hit_points_max_add=5000; modifier.ship_crew_max_add=20; modifier.ship_movement_speed_add=14; modifier.ship_supply_capacity_add=80; modifier.ship_hull_damage_add=115; modifier.ship_crew_damage_add=80; modifier.ship_armor_add=120; modifier.ship_critical_hit_chance_add=0.37; modifier.ship_critical_hit_multiplier_add=2.8; modifier.ship_vulnerability_add=0; modifier.ship_screening_add=280; modifier.ship_readiness_gain_add=20; modifier.ship_accuracy_add=30; modifier.ship_visibility_add=40; modifier.ship_detection_add=180; modifier.ship_blockade_strength_add=360; modifier.ship_carrying_capacity_add=1; modifier.ship_marine_capacity_add=0.15; construction_goods.goods_input_steel_add=3700; construction_goods.goods_input_engines_add=1850; construction_goods.goods_input_computers_add=1300; materiel_goods.goods_input_oil_add=2.4; materiel_goods.goods_input_steel_add=2.2; materiel_goods.goods_input_ammunition_add=2.2; materiel_goods.goods_input_computers_add=2,"Continue the final live per-tier delta (Era9→10; carrier Era7→8). Floors: crew >=20; vulnerability, marine capacity and carrying capacity >=0. Preserve all constant group, distance-damage, accuracy-vs-class, icon/profile, AI and flagship fields from the current final ship.","High-energy lasers and microwave arrays transform close fleet defense. Instead of trading an expensive interceptor for every cheap drone or missile, the destroyer can engage repeatedly so long as its power and thermal systems can keep pace."
ship_type_destroyer_16,Fusion Fleet Destroyer,tech_military_naval_forces_16,destroyer,modification_construction_cost=80; modifier.ship_max_distance_to_port_add=18; modifier.ship_construction_progress_max_add=25; modifier.ship_hit_points_max_add=5200; modifier.ship_crew_max_add=20; modifier.ship_movement_speed_add=15; modifier.ship_supply_capacity_add=85; modifier.ship_hull_damage_add=120; modifier.ship_crew_damage_add=85; modifier.ship_armor_add=130; modifier.ship_critical_hit_chance_add=0.38; modifier.ship_critical_hit_multiplier_add=2.9; modifier.ship_vulnerability_add=0; modifier.ship_screening_add=290; modifier.ship_readiness_gain_add=21; modifier.ship_accuracy_add=32; modifier.ship_visibility_add=42; modifier.ship_detection_add=190; modifier.ship_blockade_strength_add=380; modifier.ship_carrying_capacity_add=1; modifier.ship_marine_capacity_add=0.155; construction_goods.goods_input_steel_add=3900; construction_goods.goods_input_engines_add=1950; construction_goods.goods_input_computers_add=1400; materiel_goods.goods_input_oil_add=2.6; materiel_goods.goods_input_steel_add=2.4; materiel_goods.goods_input_ammunition_add=2.4; materiel_goods.goods_input_computers_add=2.2,"Continue the final live per-tier delta (Era9→10; carrier Era7→8). Floors: crew >=20; vulnerability, marine capacity and carrying capacity >=0. Preserve all constant group, distance-damage, accuracy-vs-class, icon/profile, AI and flagship fields from the current final ship.","Fusion propulsion supplies the electrical appetite of sensors, defensive weapons, and high-speed maneuver without sacrificing endurance. The ship can accompany fast task forces indefinitely while maintaining a continuous high-power combat posture."
ship_type_destroyer_17,Adaptive Escort Destroyer,tech_military_naval_forces_17,destroyer,modification_construction_cost=80; modifier.ship_max_distance_to_port_add=19; modifier.ship_construction_progress_max_add=25; modifier.ship_hit_points_max_add=5400; modifier.ship_crew_max_add=20; modifier.ship_movement_speed_add=16; modifier.ship_supply_capacity_add=90; modifier.ship_hull_damage_add=125; modifier.ship_crew_damage_add=90; modifier.ship_armor_add=140; modifier.ship_critical_hit_chance_add=0.39; modifier.ship_critical_hit_multiplier_add=3; modifier.ship_vulnerability_add=0; modifier.ship_screening_add=300; modifier.ship_readiness_gain_add=22; modifier.ship_accuracy_add=34; modifier.ship_visibility_add=44; modifier.ship_detection_add=200; modifier.ship_blockade_strength_add=400; modifier.ship_carrying_capacity_add=1; modifier.ship_marine_capacity_add=0.16; construction_goods.goods_input_steel_add=4100; construction_goods.goods_input_engines_add=2050; construction_goods.goods_input_computers_add=1500; materiel_goods.goods_input_oil_add=2.8; materiel_goods.goods_input_steel_add=2.6; materiel_goods.goods_input_ammunition_add=2.6; materiel_goods.goods_input_computers_add=2.4,"Continue the final live per-tier delta (Era9→10; carrier Era7→8). Floors: crew >=20; vulnerability, marine capacity and carrying capacity >=0. Preserve all constant group, distance-damage, accuracy-vs-class, icon/profile, AI and flagship fields from the current final ship.","Adaptive escort systems reconfigure radar apertures, electronic warfare, weapon allocation, and even hull signature according to the threat environment. The destroyer changes its defensive personality from antisubmarine hunter to missile screen to electronic decoy without returning to port."
ship_type_destroyer_18,Orbital-Linked Destroyer,tech_military_naval_forces_18,destroyer,modification_construction_cost=80; modifier.ship_max_distance_to_port_add=20; modifier.ship_construction_progress_max_add=25; modifier.ship_hit_points_max_add=5600; modifier.ship_crew_max_add=20; modifier.ship_movement_speed_add=17; modifier.ship_supply_capacity_add=95; modifier.ship_hull_damage_add=130; modifier.ship_crew_damage_add=95; modifier.ship_armor_add=150; modifier.ship_critical_hit_chance_add=0.4; modifier.ship_critical_hit_multiplier_add=3.1; modifier.ship_vulnerability_add=0; modifier.ship_screening_add=310; modifier.ship_readiness_gain_add=23; modifier.ship_accuracy_add=36; modifier.ship_visibility_add=46; modifier.ship_detection_add=210; modifier.ship_blockade_strength_add=420; modifier.ship_carrying_capacity_add=1; modifier.ship_marine_capacity_add=0.165; construction_goods.goods_input_steel_add=4300; construction_goods.goods_input_engines_add=2150; construction_goods.goods_input_computers_add=1600; materiel_goods.goods_input_oil_add=3; materiel_goods.goods_input_steel_add=2.8; materiel_goods.goods_input_ammunition_add=2.8; materiel_goods.goods_input_computers_add=2.6,"Continue the final live per-tier delta (Era9→10; carrier Era7→8). Floors: crew >=20; vulnerability, marine capacity and carrying capacity >=0. Preserve all constant group, distance-damage, accuracy-vs-class, icon/profile, AI and flagship fields from the current final ship.",Orbital-linked destroyers receive fire-control quality data from sensors far beyond the fleet’s own horizon. They can launch interceptors against threats they have never directly observed and contribute their weapons to a planetary-scale defensive network.
ship_type_destroyer_19,Self-Sustaining Escort Destroyer,tech_military_naval_forces_19,destroyer,modification_construction_cost=80; modifier.ship_max_distance_to_port_add=21; modifier.ship_construction_progress_max_add=25; modifier.ship_hit_points_max_add=5800; modifier.ship_crew_max_add=20; modifier.ship_movement_speed_add=18; modifier.ship_supply_capacity_add=100; modifier.ship_hull_damage_add=135; modifier.ship_crew_damage_add=100; modifier.ship_armor_add=160; modifier.ship_critical_hit_chance_add=0.41; modifier.ship_critical_hit_multiplier_add=3.2; modifier.ship_vulnerability_add=0; modifier.ship_screening_add=320; modifier.ship_readiness_gain_add=24; modifier.ship_accuracy_add=38; modifier.ship_visibility_add=48; modifier.ship_detection_add=220; modifier.ship_blockade_strength_add=440; modifier.ship_carrying_capacity_add=1; modifier.ship_marine_capacity_add=0.17; construction_goods.goods_input_steel_add=4500; construction_goods.goods_input_engines_add=2250; construction_goods.goods_input_computers_add=1700; materiel_goods.goods_input_oil_add=3.2; materiel_goods.goods_input_steel_add=3; materiel_goods.goods_input_ammunition_add=3; materiel_goods.goods_input_computers_add=2.8,"Continue the final live per-tier delta (Era9→10; carrier Era7→8). Floors: crew >=20; vulnerability, marine capacity and carrying capacity >=0. Preserve all constant group, distance-damage, accuracy-vs-class, icon/profile, AI and flagship fields from the current final ship.","Automated repair shops, additive manufacturing, and closed-cycle stores let this escort stay with a fleet through campaigns that would exhaust ordinary logistics. Damage that once demanded a shipyard can be stabilized and partially rebuilt while underway."
ship_type_destroyer_20,Planetary Defense Destroyer,tech_military_naval_forces_20,destroyer,modification_construction_cost=80; modifier.ship_max_distance_to_port_add=22; modifier.ship_construction_progress_max_add=25; modifier.ship_hit_points_max_add=6000; modifier.ship_crew_max_add=20; modifier.ship_movement_speed_add=19; modifier.ship_supply_capacity_add=105; modifier.ship_hull_damage_add=140; modifier.ship_crew_damage_add=105; modifier.ship_armor_add=170; modifier.ship_critical_hit_chance_add=0.42; modifier.ship_critical_hit_multiplier_add=3.3; modifier.ship_vulnerability_add=0; modifier.ship_screening_add=330; modifier.ship_readiness_gain_add=25; modifier.ship_accuracy_add=40; modifier.ship_visibility_add=50; modifier.ship_detection_add=230; modifier.ship_blockade_strength_add=460; modifier.ship_carrying_capacity_add=1; modifier.ship_marine_capacity_add=0.175; construction_goods.goods_input_steel_add=4700; construction_goods.goods_input_engines_add=2350; construction_goods.goods_input_computers_add=1800; materiel_goods.goods_input_oil_add=3.4; materiel_goods.goods_input_steel_add=3.2; materiel_goods.goods_input_ammunition_add=3.2; materiel_goods.goods_input_computers_add=3,"Continue the final live per-tier delta (Era9→10; carrier Era7→8). Floors: crew >=20; vulnerability, marine capacity and carrying capacity >=0. Preserve all constant group, distance-damage, accuracy-vs-class, icon/profile, AI and flagship fields from the current final ship.","Planetary defense destroyers are the mobile surface layer of a global interception architecture. Their weapons are assigned by a network spanning oceans, atmosphere, and orbit, allowing dispersed escorts to combine fire as if they were a single enormous battery."
ship_type_cruiser_11,Autonomous Missile Cruiser,tech_military_naval_forces_11,cruiser,modification_construction_cost=160; modifier.ship_max_distance_to_port_add=13; modifier.ship_construction_progress_max_add=25; modifier.ship_hit_points_max_add=6600; modifier.ship_crew_max_add=50; modifier.ship_movement_speed_add=11; modifier.ship_supply_capacity_add=120; modifier.ship_hull_damage_add=175; modifier.ship_crew_damage_add=75; modifier.ship_armor_add=350; modifier.ship_critical_hit_chance_add=0.29; modifier.ship_critical_hit_multiplier_add=2.9; modifier.ship_vulnerability_add=5; modifier.ship_screening_add=90; modifier.ship_readiness_gain_add=16; modifier.ship_accuracy_add=21; modifier.ship_visibility_add=34; modifier.ship_detection_add=85; modifier.ship_blockade_strength_add=280; modifier.ship_carrying_capacity_add=7; modifier.ship_marine_capacity_add=0.15; construction_goods.goods_input_steel_add=3400; construction_goods.goods_input_engines_add=1700; construction_goods.goods_input_computers_add=1200; materiel_goods.goods_input_oil_add=1.6; materiel_goods.goods_input_steel_add=1.4; materiel_goods.goods_input_ammunition_add=1.4; materiel_goods.goods_input_computers_add=1.2,"Continue the final live per-tier delta (Era9→10; carrier Era7→8). Floors: crew >=20; vulnerability, marine capacity and carrying capacity >=0. Preserve all constant group, distance-damage, accuracy-vs-class, icon/profile, AI and flagship fields from the current final ship.","Autonomous battle management lets the missile cruiser coordinate dozens of simultaneous engagements across sea, air, and land. Its vertical cells carry a mixed arsenal chosen less for a single mission than for the ability to rewrite the task force’s fire plan while already in combat."
ship_type_cruiser_12,Hypersonic Arsenal Cruiser,tech_military_naval_forces_12,cruiser,modification_construction_cost=170; modifier.ship_max_distance_to_port_add=14; modifier.ship_construction_progress_max_add=25; modifier.ship_hit_points_max_add=7200; modifier.ship_crew_max_add=20; modifier.ship_movement_speed_add=12; modifier.ship_supply_capacity_add=130; modifier.ship_hull_damage_add=190; modifier.ship_crew_damage_add=80; modifier.ship_armor_add=380; modifier.ship_critical_hit_chance_add=0.3; modifier.ship_critical_hit_multiplier_add=3; modifier.ship_vulnerability_add=0; modifier.ship_screening_add=95; modifier.ship_readiness_gain_add=17; modifier.ship_accuracy_add=22; modifier.ship_visibility_add=36; modifier.ship_detection_add=90; modifier.ship_blockade_strength_add=300; modifier.ship_carrying_capacity_add=7.5; modifier.ship_marine_capacity_add=0.1; construction_goods.goods_input_steel_add=3600; construction_goods.goods_input_engines_add=1800; construction_goods.goods_input_computers_add=1400; materiel_goods.goods_input_oil_add=1.8; materiel_goods.goods_input_steel_add=1.6; materiel_goods.goods_input_ammunition_add=1.6; materiel_goods.goods_input_computers_add=1.4,"Continue the final live per-tier delta (Era9→10; carrier Era7→8). Floors: crew >=20; vulnerability, marine capacity and carrying capacity >=0. Preserve all constant group, distance-damage, accuracy-vs-class, icon/profile, AI and flagship fields from the current final ship.","The hypersonic arsenal cruiser exists to deliver overwhelming salvos at operational depth. Long-range boost weapons can reach fleets and land installations before slower forces close the distance, making the cruiser a mobile theater strike complex."
ship_type_cruiser_13,Uncrewed Arsenal Cruiser,tech_military_naval_forces_13,cruiser,modification_construction_cost=180; modifier.ship_max_distance_to_port_add=15; modifier.ship_construction_progress_max_add=25; modifier.ship_hit_points_max_add=7800; modifier.ship_crew_max_add=20; modifier.ship_movement_speed_add=13; modifier.ship_supply_capacity_add=140; modifier.ship_hull_damage_add=205; modifier.ship_crew_damage_add=85; modifier.ship_armor_add=410; modifier.ship_critical_hit_chance_add=0.31; modifier.ship_critical_hit_multiplier_add=3.1; modifier.ship_vulnerability_add=0; modifier.ship_screening_add=100; modifier.ship_readiness_gain_add=18; modifier.ship_accuracy_add=23; modifier.ship_visibility_add=38; modifier.ship_detection_add=95; modifier.ship_blockade_strength_add=320; modifier.ship_carrying_capacity_add=8; modifier.ship_marine_capacity_add=0.05; construction_goods.goods_input_steel_add=3800; construction_goods.goods_input_engines_add=1900; construction_goods.goods_input_computers_add=1600; materiel_goods.goods_input_oil_add=2; materiel_goods.goods_input_steel_add=1.8; materiel_goods.goods_input_ammunition_add=1.8; materiel_goods.goods_input_computers_add=1.6,"Continue the final live per-tier delta (Era9→10; carrier Era7→8). Floors: crew >=20; vulnerability, marine capacity and carrying capacity >=0. Preserve all constant group, distance-damage, accuracy-vs-class, icon/profile, AI and flagship fields from the current final ship.","An uncrewed arsenal cruiser replaces accommodation and survivability systems for sailors with magazines, power, armor, and machinery. It is a deliberately expendable concentration of firepower that can be sent into missile envelopes too dangerous for crewed capital ships."
ship_type_cruiser_14,Drone Carrier Cruiser,tech_military_naval_forces_14,cruiser,modification_construction_cost=190; modifier.ship_max_distance_to_port_add=16; modifier.ship_construction_progress_max_add=25; modifier.ship_hit_points_max_add=8400; modifier.ship_crew_max_add=20; modifier.ship_movement_speed_add=14; modifier.ship_supply_capacity_add=150; modifier.ship_hull_damage_add=220; modifier.ship_crew_damage_add=90; modifier.ship_armor_add=440; modifier.ship_critical_hit_chance_add=0.32; modifier.ship_critical_hit_multiplier_add=3.2; modifier.ship_vulnerability_add=0; modifier.ship_screening_add=105; modifier.ship_readiness_gain_add=19; modifier.ship_accuracy_add=24; modifier.ship_visibility_add=40; modifier.ship_detection_add=100; modifier.ship_blockade_strength_add=340; modifier.ship_carrying_capacity_add=8.5; modifier.ship_marine_capacity_add=0; construction_goods.goods_input_steel_add=4000; construction_goods.goods_input_engines_add=2000; construction_goods.goods_input_computers_add=1800; materiel_goods.goods_input_oil_add=2.2; materiel_goods.goods_input_steel_add=2; materiel_goods.goods_input_ammunition_add=2; materiel_goods.goods_input_computers_add=1.8,"Continue the final live per-tier delta (Era9→10; carrier Era7→8). Floors: crew >=20; vulnerability, marine capacity and carrying capacity >=0. Preserve all constant group, distance-damage, accuracy-vs-class, icon/profile, AI and flagship fields from the current final ship.","Drone carrier cruisers fill the space between escort and aircraft carrier. They launch large numbers of unmanned scouts, strike aircraft, surface craft, and antisubmarine vehicles, giving smaller task forces their own persistent robotic air and sea wing."
ship_type_cruiser_15,Directed-Energy Cruiser,tech_military_naval_forces_15,cruiser,modification_construction_cost=200; modifier.ship_max_distance_to_port_add=17; modifier.ship_construction_progress_max_add=25; modifier.ship_hit_points_max_add=9000; modifier.ship_crew_max_add=20; modifier.ship_movement_speed_add=15; modifier.ship_supply_capacity_add=160; modifier.ship_hull_damage_add=235; modifier.ship_crew_damage_add=95; modifier.ship_armor_add=470; modifier.ship_critical_hit_chance_add=0.33; modifier.ship_critical_hit_multiplier_add=3.3; modifier.ship_vulnerability_add=0; modifier.ship_screening_add=110; modifier.ship_readiness_gain_add=20; modifier.ship_accuracy_add=25; modifier.ship_visibility_add=42; modifier.ship_detection_add=105; modifier.ship_blockade_strength_add=360; modifier.ship_carrying_capacity_add=9; modifier.ship_marine_capacity_add=0; construction_goods.goods_input_steel_add=4200; construction_goods.goods_input_engines_add=2100; construction_goods.goods_input_computers_add=2000; materiel_goods.goods_input_oil_add=2.4; materiel_goods.goods_input_steel_add=2.2; materiel_goods.goods_input_ammunition_add=2.2; materiel_goods.goods_input_computers_add=2,"Continue the final live per-tier delta (Era9→10; carrier Era7→8). Floors: crew >=20; vulnerability, marine capacity and carrying capacity >=0. Preserve all constant group, distance-damage, accuracy-vs-class, icon/profile, AI and flagship fields from the current final ship.","Directed-energy cruisers carry the generators and thermal machinery needed to use lasers as primary fleet weapons rather than point defense. They can burn through sensors, thin-skinned craft, and incoming salvos while preserving missiles for targets that demand explosive force."
ship_type_cruiser_16,Fusion Battlecruiser,tech_military_naval_forces_16,cruiser,modification_construction_cost=210; modifier.ship_max_distance_to_port_add=18; modifier.ship_construction_progress_max_add=25; modifier.ship_hit_points_max_add=9600; modifier.ship_crew_max_add=20; modifier.ship_movement_speed_add=16; modifier.ship_supply_capacity_add=170; modifier.ship_hull_damage_add=250; modifier.ship_crew_damage_add=100; modifier.ship_armor_add=500; modifier.ship_critical_hit_chance_add=0.34; modifier.ship_critical_hit_multiplier_add=3.4; modifier.ship_vulnerability_add=0; modifier.ship_screening_add=115; modifier.ship_readiness_gain_add=21; modifier.ship_accuracy_add=26; modifier.ship_visibility_add=44; modifier.ship_detection_add=110; modifier.ship_blockade_strength_add=380; modifier.ship_carrying_capacity_add=9.5; modifier.ship_marine_capacity_add=0; construction_goods.goods_input_steel_add=4400; construction_goods.goods_input_engines_add=2200; construction_goods.goods_input_computers_add=2200; materiel_goods.goods_input_oil_add=2.6; materiel_goods.goods_input_steel_add=2.4; materiel_goods.goods_input_ammunition_add=2.4; materiel_goods.goods_input_computers_add=2.2,"Continue the final live per-tier delta (Era9→10; carrier Era7→8). Floors: crew >=20; vulnerability, marine capacity and carrying capacity >=0. Preserve all constant group, distance-damage, accuracy-vs-class, icon/profile, AI and flagship fields from the current final ship.","Fusion power restores the cruiser as a true fast capital combatant. High sustained speed, vast electrical generation, and long endurance allow it to operate independently across entire oceans while powering sensors and weapons that would overwhelm older propulsion plants."
ship_type_cruiser_17,Deep-Ocean Control Cruiser,tech_military_naval_forces_17,cruiser,modification_construction_cost=220; modifier.ship_max_distance_to_port_add=19; modifier.ship_construction_progress_max_add=25; modifier.ship_hit_points_max_add=10200; modifier.ship_crew_max_add=20; modifier.ship_movement_speed_add=17; modifier.ship_supply_capacity_add=180; modifier.ship_hull_damage_add=265; modifier.ship_crew_damage_add=105; modifier.ship_armor_add=530; modifier.ship_critical_hit_chance_add=0.35; modifier.ship_critical_hit_multiplier_add=3.5; modifier.ship_vulnerability_add=0; modifier.ship_screening_add=120; modifier.ship_readiness_gain_add=22; modifier.ship_accuracy_add=27; modifier.ship_visibility_add=46; modifier.ship_detection_add=115; modifier.ship_blockade_strength_add=400; modifier.ship_carrying_capacity_add=10; modifier.ship_marine_capacity_add=0; construction_goods.goods_input_steel_add=4600; construction_goods.goods_input_engines_add=2300; construction_goods.goods_input_computers_add=2400; materiel_goods.goods_input_oil_add=2.8; materiel_goods.goods_input_steel_add=2.6; materiel_goods.goods_input_ammunition_add=2.6; materiel_goods.goods_input_computers_add=2.4,"Continue the final live per-tier delta (Era9→10; carrier Era7→8). Floors: crew >=20; vulnerability, marine capacity and carrying capacity >=0. Preserve all constant group, distance-damage, accuracy-vs-class, icon/profile, AI and flagship fields from the current final ship.","Deep-ocean control cruisers command networks of surface, undersea, and airborne autonomous vehicles. Their mission is not simply to destroy ships but to occupy an enormous volume of ocean with sensors, patrol routes, mines, and remotely positioned weapons."
ship_type_cruiser_18,Orbital-Linked Cruiser,tech_military_naval_forces_18,cruiser,modification_construction_cost=230; modifier.ship_max_distance_to_port_add=20; modifier.ship_construction_progress_max_add=25; modifier.ship_hit_points_max_add=10800; modifier.ship_crew_max_add=20; modifier.ship_movement_speed_add=18; modifier.ship_supply_capacity_add=190; modifier.ship_hull_damage_add=280; modifier.ship_crew_damage_add=110; modifier.ship_armor_add=560; modifier.ship_critical_hit_chance_add=0.36; modifier.ship_critical_hit_multiplier_add=3.6; modifier.ship_vulnerability_add=0; modifier.ship_screening_add=125; modifier.ship_readiness_gain_add=23; modifier.ship_accuracy_add=28; modifier.ship_visibility_add=48; modifier.ship_detection_add=120; modifier.ship_blockade_strength_add=420; modifier.ship_carrying_capacity_add=10.5; modifier.ship_marine_capacity_add=0; construction_goods.goods_input_steel_add=4800; construction_goods.goods_input_engines_add=2400; construction_goods.goods_input_computers_add=2600; materiel_goods.goods_input_oil_add=3; materiel_goods.goods_input_steel_add=2.8; materiel_goods.goods_input_ammunition_add=2.8; materiel_goods.goods_input_computers_add=2.6,"Continue the final live per-tier delta (Era9→10; carrier Era7→8). Floors: crew >=20; vulnerability, marine capacity and carrying capacity >=0. Preserve all constant group, distance-damage, accuracy-vs-class, icon/profile, AI and flagship fields from the current final ship.","Orbital links place the cruiser inside a global sensor and targeting web. Fire-control solutions can arrive from satellites or distant fleets, while the ship’s own weapons can be assigned against targets far beyond its organic horizon."
ship_type_cruiser_19,Self-Sustaining Command Cruiser,tech_military_naval_forces_19,cruiser,modification_construction_cost=240; modifier.ship_max_distance_to_port_add=21; modifier.ship_construction_progress_max_add=25; modifier.ship_hit_points_max_add=11400; modifier.ship_crew_max_add=20; modifier.ship_movement_speed_add=19; modifier.ship_supply_capacity_add=200; modifier.ship_hull_damage_add=295; modifier.ship_crew_damage_add=115; modifier.ship_armor_add=590; modifier.ship_critical_hit_chance_add=0.37; modifier.ship_critical_hit_multiplier_add=3.7; modifier.ship_vulnerability_add=0; modifier.ship_screening_add=130; modifier.ship_readiness_gain_add=24; modifier.ship_accuracy_add=29; modifier.ship_visibility_add=50; modifier.ship_detection_add=125; modifier.ship_blockade_strength_add=440; modifier.ship_carrying_capacity_add=11; modifier.ship_marine_capacity_add=0; construction_goods.goods_input_steel_add=5000; construction_goods.goods_input_engines_add=2500; construction_goods.goods_input_computers_add=2800; materiel_goods.goods_input_oil_add=3.2; materiel_goods.goods_input_steel_add=3; materiel_goods.goods_input_ammunition_add=3; materiel_goods.goods_input_computers_add=2.8,"Continue the final live per-tier delta (Era9→10; carrier Era7→8). Floors: crew >=20; vulnerability, marine capacity and carrying capacity >=0. Preserve all constant group, distance-damage, accuracy-vs-class, icon/profile, AI and flagship fields from the current final ship.","A self-sustaining command cruiser carries fabrication halls, autonomous maintenance, expanded stores, and fleet coordination systems. It can serve as the logistical and command nucleus of a detached squadron operating far from permanent bases."
ship_type_cruiser_20,Planetary Control Cruiser,tech_military_naval_forces_20,cruiser,modification_construction_cost=250; modifier.ship_max_distance_to_port_add=22; modifier.ship_construction_progress_max_add=25; modifier.ship_hit_points_max_add=12000; modifier.ship_crew_max_add=20; modifier.ship_movement_speed_add=20; modifier.ship_supply_capacity_add=210; modifier.ship_hull_damage_add=310; modifier.ship_crew_damage_add=120; modifier.ship_armor_add=620; modifier.ship_critical_hit_chance_add=0.38; modifier.ship_critical_hit_multiplier_add=3.8; modifier.ship_vulnerability_add=0; modifier.ship_screening_add=135; modifier.ship_readiness_gain_add=25; modifier.ship_accuracy_add=30; modifier.ship_visibility_add=52; modifier.ship_detection_add=130; modifier.ship_blockade_strength_add=460; modifier.ship_carrying_capacity_add=11.5; modifier.ship_marine_capacity_add=0; construction_goods.goods_input_steel_add=5200; construction_goods.goods_input_engines_add=2600; construction_goods.goods_input_computers_add=3000; materiel_goods.goods_input_oil_add=3.4; materiel_goods.goods_input_steel_add=3.2; materiel_goods.goods_input_ammunition_add=3.2; materiel_goods.goods_input_computers_add=3,"Continue the final live per-tier delta (Era9→10; carrier Era7→8). Floors: crew >=20; vulnerability, marine capacity and carrying capacity >=0. Preserve all constant group, distance-damage, accuracy-vs-class, icon/profile, AI and flagship fields from the current final ship.","Planetary control cruisers act as mobile command citadels for oceanic warfare. Their sensors, drones, missiles, and communications coordinate operations across multiple seas, turning local naval groups into pieces of one integrated maritime battlespace."
ship_type_battleship_11,Autonomous Missile Battleship,tech_military_naval_forces_11,battleship,modification_construction_cost=375; modifier.ship_max_distance_to_port_add=13; modifier.ship_construction_progress_max_add=25; modifier.ship_hit_points_max_add=8500; modifier.ship_crew_max_add=100; modifier.ship_movement_speed_add=11; modifier.ship_supply_capacity_add=140; modifier.ship_hull_damage_add=220; modifier.ship_crew_damage_add=110; modifier.ship_armor_add=420; modifier.ship_critical_hit_chance_add=0.2; modifier.ship_critical_hit_multiplier_add=3.2; modifier.ship_vulnerability_add=60; modifier.ship_screening_add=36; modifier.ship_readiness_gain_add=16; modifier.ship_accuracy_add=22; modifier.ship_visibility_add=190; modifier.ship_detection_add=180; modifier.ship_blockade_strength_add=950; modifier.ship_carrying_capacity_add=7; modifier.ship_marine_capacity_add=3.5; construction_goods.goods_input_steel_add=3800; construction_goods.goods_input_engines_add=1800; construction_goods.goods_input_computers_add=1200; materiel_goods.goods_input_oil_add=1.6; materiel_goods.goods_input_steel_add=1.4; materiel_goods.goods_input_ammunition_add=1.4; materiel_goods.goods_input_computers_add=1.2,"Continue the final live per-tier delta (Era9→10; carrier Era7→8). Floors: crew >=20; vulnerability, marine capacity and carrying capacity >=0. Preserve all constant group, distance-damage, accuracy-vs-class, icon/profile, AI and flagship fields from the current final ship.",The autonomous missile battleship combines capital-ship protection with machine-managed magazines large enough to sustain repeated theater-scale salvos. Automation reduces the vulnerable human spaces inside the hull and allows weapons and damage control to dominate its internal design.
ship_type_battleship_12,Hypersonic Battleship,tech_military_naval_forces_12,battleship,modification_construction_cost=400; modifier.ship_max_distance_to_port_add=14; modifier.ship_construction_progress_max_add=25; modifier.ship_hit_points_max_add=9000; modifier.ship_crew_max_add=20; modifier.ship_movement_speed_add=12; modifier.ship_supply_capacity_add=150; modifier.ship_hull_damage_add=240; modifier.ship_crew_damage_add=120; modifier.ship_armor_add=440; modifier.ship_critical_hit_chance_add=0.22; modifier.ship_critical_hit_multiplier_add=3.4; modifier.ship_vulnerability_add=55; modifier.ship_screening_add=38; modifier.ship_readiness_gain_add=17; modifier.ship_accuracy_add=24; modifier.ship_visibility_add=200; modifier.ship_detection_add=200; modifier.ship_blockade_strength_add=1000; modifier.ship_carrying_capacity_add=7.5; modifier.ship_marine_capacity_add=3.75; construction_goods.goods_input_steel_add=4000; construction_goods.goods_input_engines_add=1900; construction_goods.goods_input_computers_add=1400; materiel_goods.goods_input_oil_add=1.8; materiel_goods.goods_input_steel_add=1.6; materiel_goods.goods_input_ammunition_add=1.6; materiel_goods.goods_input_computers_add=1.4,"Continue the final live per-tier delta (Era9→10; carrier Era7→8). Floors: crew >=20; vulnerability, marine capacity and carrying capacity >=0. Preserve all constant group, distance-damage, accuracy-vs-class, icon/profile, AI and flagship fields from the current final ship.",Hypersonic batteries give the battleship striking reach measured across seas rather than gun horizons. Heavy armor and enormous magazines let it remain in contested waters while delivering weapons that arrive before distant targets can meaningfully reposition.
ship_type_battleship_13,Uncrewed Arsenal Battleship,tech_military_naval_forces_13,battleship,modification_construction_cost=425; modifier.ship_max_distance_to_port_add=15; modifier.ship_construction_progress_max_add=25; modifier.ship_hit_points_max_add=9500; modifier.ship_crew_max_add=20; modifier.ship_movement_speed_add=13; modifier.ship_supply_capacity_add=160; modifier.ship_hull_damage_add=260; modifier.ship_crew_damage_add=130; modifier.ship_armor_add=460; modifier.ship_critical_hit_chance_add=0.24; modifier.ship_critical_hit_multiplier_add=3.6; modifier.ship_vulnerability_add=50; modifier.ship_screening_add=40; modifier.ship_readiness_gain_add=18; modifier.ship_accuracy_add=26; modifier.ship_visibility_add=210; modifier.ship_detection_add=220; modifier.ship_blockade_strength_add=1050; modifier.ship_carrying_capacity_add=8; modifier.ship_marine_capacity_add=4; construction_goods.goods_input_steel_add=4200; construction_goods.goods_input_engines_add=2000; construction_goods.goods_input_computers_add=1600; materiel_goods.goods_input_oil_add=2; materiel_goods.goods_input_steel_add=1.8; materiel_goods.goods_input_ammunition_add=1.8; materiel_goods.goods_input_computers_add=1.6,"Continue the final live per-tier delta (Era9→10; carrier Era7→8). Floors: crew >=20; vulnerability, marine capacity and carrying capacity >=0. Preserve all constant group, distance-damage, accuracy-vs-class, icon/profile, AI and flagship fields from the current final ship.","An uncrewed arsenal battleship is a fortress built around magazines, armor, reactors, and autonomous repair systems. Without a large crew to preserve, designers accept internal arrangements and combat risks that would be intolerable aboard a conventional capital ship."
ship_type_battleship_14,Drone Battleship,tech_military_naval_forces_14,battleship,modification_construction_cost=450; modifier.ship_max_distance_to_port_add=16; modifier.ship_construction_progress_max_add=25; modifier.ship_hit_points_max_add=10000; modifier.ship_crew_max_add=20; modifier.ship_movement_speed_add=14; modifier.ship_supply_capacity_add=170; modifier.ship_hull_damage_add=280; modifier.ship_crew_damage_add=140; modifier.ship_armor_add=480; modifier.ship_critical_hit_chance_add=0.26; modifier.ship_critical_hit_multiplier_add=3.8; modifier.ship_vulnerability_add=45; modifier.ship_screening_add=42; modifier.ship_readiness_gain_add=19; modifier.ship_accuracy_add=28; modifier.ship_visibility_add=220; modifier.ship_detection_add=240; modifier.ship_blockade_strength_add=1100; modifier.ship_carrying_capacity_add=8.5; modifier.ship_marine_capacity_add=4.25; construction_goods.goods_input_steel_add=4400; construction_goods.goods_input_engines_add=2100; construction_goods.goods_input_computers_add=1800; materiel_goods.goods_input_oil_add=2.2; materiel_goods.goods_input_steel_add=2; materiel_goods.goods_input_ammunition_add=2; materiel_goods.goods_input_computers_add=1.8,"Continue the final live per-tier delta (Era9→10; carrier Era7→8). Floors: crew >=20; vulnerability, marine capacity and carrying capacity >=0. Preserve all constant group, distance-damage, accuracy-vs-class, icon/profile, AI and flagship fields from the current final ship.","Drone battleships carry vast complements of unmanned aircraft, surface craft, and underwater vehicles alongside their own heavy weapons. The hull becomes the armored center of a distributed combat cloud whose reach extends hundreds of kilometers in every direction."
ship_type_battleship_15,Directed-Energy Battleship,tech_military_naval_forces_15,battleship,modification_construction_cost=475; modifier.ship_max_distance_to_port_add=17; modifier.ship_construction_progress_max_add=25; modifier.ship_hit_points_max_add=10500; modifier.ship_crew_max_add=20; modifier.ship_movement_speed_add=15; modifier.ship_supply_capacity_add=180; modifier.ship_hull_damage_add=300; modifier.ship_crew_damage_add=150; modifier.ship_armor_add=500; modifier.ship_critical_hit_chance_add=0.28; modifier.ship_critical_hit_multiplier_add=4; modifier.ship_vulnerability_add=40; modifier.ship_screening_add=44; modifier.ship_readiness_gain_add=20; modifier.ship_accuracy_add=30; modifier.ship_visibility_add=230; modifier.ship_detection_add=260; modifier.ship_blockade_strength_add=1150; modifier.ship_carrying_capacity_add=9; modifier.ship_marine_capacity_add=4.5; construction_goods.goods_input_steel_add=4600; construction_goods.goods_input_engines_add=2200; construction_goods.goods_input_computers_add=2000; materiel_goods.goods_input_oil_add=2.4; materiel_goods.goods_input_steel_add=2.2; materiel_goods.goods_input_ammunition_add=2.2; materiel_goods.goods_input_computers_add=2,"Continue the final live per-tier delta (Era9→10; carrier Era7→8). Floors: crew >=20; vulnerability, marine capacity and carrying capacity >=0. Preserve all constant group, distance-damage, accuracy-vs-class, icon/profile, AI and flagship fields from the current final ship.","Directed-energy batteries finally give the capital ship a weapon whose ammunition is measured in stored energy. Massive laser apertures and microwave arrays can defend the fleet, cripple exposed systems, and sustain fire until heat rejection becomes the limiting factor."
ship_type_battleship_16,Fusion Battleship,tech_military_naval_forces_16,battleship,modification_construction_cost=500; modifier.ship_max_distance_to_port_add=18; modifier.ship_construction_progress_max_add=25; modifier.ship_hit_points_max_add=11000; modifier.ship_crew_max_add=20; modifier.ship_movement_speed_add=16; modifier.ship_supply_capacity_add=190; modifier.ship_hull_damage_add=320; modifier.ship_crew_damage_add=160; modifier.ship_armor_add=520; modifier.ship_critical_hit_chance_add=0.3; modifier.ship_critical_hit_multiplier_add=4.2; modifier.ship_vulnerability_add=35; modifier.ship_screening_add=46; modifier.ship_readiness_gain_add=21; modifier.ship_accuracy_add=32; modifier.ship_visibility_add=240; modifier.ship_detection_add=280; modifier.ship_blockade_strength_add=1200; modifier.ship_carrying_capacity_add=9.5; modifier.ship_marine_capacity_add=4.75; construction_goods.goods_input_steel_add=4800; construction_goods.goods_input_engines_add=2300; construction_goods.goods_input_computers_add=2200; materiel_goods.goods_input_oil_add=2.6; materiel_goods.goods_input_steel_add=2.4; materiel_goods.goods_input_ammunition_add=2.4; materiel_goods.goods_input_computers_add=2.2,"Continue the final live per-tier delta (Era9→10; carrier Era7→8). Floors: crew >=20; vulnerability, marine capacity and carrying capacity >=0. Preserve all constant group, distance-damage, accuracy-vs-class, icon/profile, AI and flagship fields from the current final ship.","Fusion propulsion supplies the power and endurance required for a modern battleship without binding it to vulnerable fuel logistics. Reactors feed propulsion, armor systems, sensors, fabrication machinery, and high-energy weapons simultaneously."
ship_type_battleship_17,Adaptive Armor Battleship,tech_military_naval_forces_17,battleship,modification_construction_cost=525; modifier.ship_max_distance_to_port_add=19; modifier.ship_construction_progress_max_add=25; modifier.ship_hit_points_max_add=11500; modifier.ship_crew_max_add=20; modifier.ship_movement_speed_add=17; modifier.ship_supply_capacity_add=200; modifier.ship_hull_damage_add=340; modifier.ship_crew_damage_add=170; modifier.ship_armor_add=540; modifier.ship_critical_hit_chance_add=0.32; modifier.ship_critical_hit_multiplier_add=4.4; modifier.ship_vulnerability_add=30; modifier.ship_screening_add=48; modifier.ship_readiness_gain_add=22; modifier.ship_accuracy_add=34; modifier.ship_visibility_add=250; modifier.ship_detection_add=300; modifier.ship_blockade_strength_add=1250; modifier.ship_carrying_capacity_add=10; modifier.ship_marine_capacity_add=5; construction_goods.goods_input_steel_add=5000; construction_goods.goods_input_engines_add=2400; construction_goods.goods_input_computers_add=2400; materiel_goods.goods_input_oil_add=2.8; materiel_goods.goods_input_steel_add=2.6; materiel_goods.goods_input_ammunition_add=2.6; materiel_goods.goods_input_computers_add=2.4,"Continue the final live per-tier delta (Era9→10; carrier Era7→8). Floors: crew >=20; vulnerability, marine capacity and carrying capacity >=0. Preserve all constant group, distance-damage, accuracy-vs-class, icon/profile, AI and flagship fields from the current final ship.","Adaptive armor uses active materials, electromagnetic protection, and autonomous damage control to change how the hull meets an incoming attack. Protection is concentrated where sensors predict impact, while damaged sections isolate and reconfigure themselves around surviving systems."
ship_type_battleship_18,Orbital Fire-Control Battleship,tech_military_naval_forces_18,battleship,modification_construction_cost=550; modifier.ship_max_distance_to_port_add=20; modifier.ship_construction_progress_max_add=25; modifier.ship_hit_points_max_add=12000; modifier.ship_crew_max_add=20; modifier.ship_movement_speed_add=18; modifier.ship_supply_capacity_add=210; modifier.ship_hull_damage_add=360; modifier.ship_crew_damage_add=180; modifier.ship_armor_add=560; modifier.ship_critical_hit_chance_add=0.34; modifier.ship_critical_hit_multiplier_add=4.6; modifier.ship_vulnerability_add=25; modifier.ship_screening_add=50; modifier.ship_readiness_gain_add=23; modifier.ship_accuracy_add=36; modifier.ship_visibility_add=260; modifier.ship_detection_add=320; modifier.ship_blockade_strength_add=1300; modifier.ship_carrying_capacity_add=10.5; modifier.ship_marine_capacity_add=5.25; construction_goods.goods_input_steel_add=5200; construction_goods.goods_input_engines_add=2500; construction_goods.goods_input_computers_add=2600; materiel_goods.goods_input_oil_add=3; materiel_goods.goods_input_steel_add=2.8; materiel_goods.goods_input_ammunition_add=2.8; materiel_goods.goods_input_computers_add=2.6,"Continue the final live per-tier delta (Era9→10; carrier Era7→8). Floors: crew >=20; vulnerability, marine capacity and carrying capacity >=0. Preserve all constant group, distance-damage, accuracy-vs-class, icon/profile, AI and flagship fields from the current final ship.","Orbital fire-control turns the battleship’s weapons into part of a much larger sensor architecture. It can engage targets hidden by the horizon, weather, or electronic deception using tracks maintained by platforms thousands of kilometers away."
ship_type_battleship_19,Self-Sustaining Dreadnought,tech_military_naval_forces_19,battleship,modification_construction_cost=575; modifier.ship_max_distance_to_port_add=21; modifier.ship_construction_progress_max_add=25; modifier.ship_hit_points_max_add=12500; modifier.ship_crew_max_add=20; modifier.ship_movement_speed_add=19; modifier.ship_supply_capacity_add=220; modifier.ship_hull_damage_add=380; modifier.ship_crew_damage_add=190; modifier.ship_armor_add=580; modifier.ship_critical_hit_chance_add=0.36; modifier.ship_critical_hit_multiplier_add=4.8; modifier.ship_vulnerability_add=20; modifier.ship_screening_add=52; modifier.ship_readiness_gain_add=24; modifier.ship_accuracy_add=38; modifier.ship_visibility_add=270; modifier.ship_detection_add=340; modifier.ship_blockade_strength_add=1350; modifier.ship_carrying_capacity_add=11; modifier.ship_marine_capacity_add=5.5; construction_goods.goods_input_steel_add=5400; construction_goods.goods_input_engines_add=2600; construction_goods.goods_input_computers_add=2800; materiel_goods.goods_input_oil_add=3.2; materiel_goods.goods_input_steel_add=3; materiel_goods.goods_input_ammunition_add=3; materiel_goods.goods_input_computers_add=2.8,"Continue the final live per-tier delta (Era9→10; carrier Era7→8). Floors: crew >=20; vulnerability, marine capacity and carrying capacity >=0. Preserve all constant group, distance-damage, accuracy-vs-class, icon/profile, AI and flagship fields from the current final ship.","The self-sustaining dreadnought carries enough fabrication, repair, power, and stores to remain at sea through prolonged wars. It is designed as a mobile industrial fortress capable of replacing damaged systems and supporting smaller ships without a nearby naval base."
ship_type_battleship_20,Planetary Dominance Battleship,tech_military_naval_forces_20,battleship,modification_construction_cost=600; modifier.ship_max_distance_to_port_add=22; modifier.ship_construction_progress_max_add=25; modifier.ship_hit_points_max_add=13000; modifier.ship_crew_max_add=20; modifier.ship_movement_speed_add=20; modifier.ship_supply_capacity_add=230; modifier.ship_hull_damage_add=400; modifier.ship_crew_damage_add=200; modifier.ship_armor_add=600; modifier.ship_critical_hit_chance_add=0.38; modifier.ship_critical_hit_multiplier_add=5; modifier.ship_vulnerability_add=15; modifier.ship_screening_add=54; modifier.ship_readiness_gain_add=25; modifier.ship_accuracy_add=40; modifier.ship_visibility_add=280; modifier.ship_detection_add=360; modifier.ship_blockade_strength_add=1400; modifier.ship_carrying_capacity_add=11.5; modifier.ship_marine_capacity_add=5.75; construction_goods.goods_input_steel_add=5600; construction_goods.goods_input_engines_add=2700; construction_goods.goods_input_computers_add=3000; materiel_goods.goods_input_oil_add=3.4; materiel_goods.goods_input_steel_add=3.2; materiel_goods.goods_input_ammunition_add=3.2; materiel_goods.goods_input_computers_add=3,"Continue the final live per-tier delta (Era9→10; carrier Era7→8). Floors: crew >=20; vulnerability, marine capacity and carrying capacity >=0. Preserve all constant group, distance-damage, accuracy-vs-class, icon/profile, AI and flagship fields from the current final ship.",Planetary dominance battleships are intended to impose sea control on the scale of hemispheres. Their armored hulls anchor networks of autonomous escorts and orbital sensors while vast magazines provide the sustained strike volume needed to dismantle an enemy’s maritime infrastructure.
ship_type_aircraft_carrier_9,Autonomous Supercarrier,tech_military_naval_forces_11,aircraft_carrier,modification_construction_cost=280; modifier.ship_max_distance_to_port_add=13; modifier.ship_construction_progress_max_add=70; modifier.ship_hit_points_max_add=4800; modifier.ship_crew_max_add=20; modifier.ship_movement_speed_add=13; modifier.ship_supply_capacity_add=170; modifier.ship_hull_damage_add=100; modifier.ship_crew_damage_add=55; modifier.ship_armor_add=320; modifier.ship_critical_hit_chance_add=0.55; modifier.ship_critical_hit_multiplier_add=4.5; modifier.ship_vulnerability_add=55; modifier.ship_screening_add=28; modifier.ship_readiness_gain_add=19; modifier.ship_accuracy_add=70; modifier.ship_visibility_add=280; modifier.ship_detection_add=1100; modifier.ship_blockade_strength_add=2100; construction_goods.goods_input_steel_add=3800; construction_goods.goods_input_engines_add=1500; construction_goods.goods_input_lead_add=900; construction_goods.goods_input_computers_add=900; materiel_goods.goods_input_oil_add=1.4; materiel_goods.goods_input_steel_add=1.2; materiel_goods.goods_input_lead_add=0.9; materiel_goods.goods_input_aeroplanes_add=1.2; materiel_goods.goods_input_computers_add=1,"Continue the final live per-tier delta (Era9→10; carrier Era7→8). Floors: crew >=20; vulnerability, marine capacity and carrying capacity >=0. Preserve all constant group, distance-damage, accuracy-vs-class, icon/profile, AI and flagship fields from the current final ship.","Automation shifts much of the carrier’s workload from flight-deck crews to machines that fuel, arm, move, inspect, and launch aircraft. The result is a larger sortie rate with fewer people exposed on deck and much faster reconfiguration of the air wing."
ship_type_aircraft_carrier_10,Hypersonic Aviation Carrier,tech_military_naval_forces_12,aircraft_carrier,modification_construction_cost=300; modifier.ship_max_distance_to_port_add=14; modifier.ship_construction_progress_max_add=75; modifier.ship_hit_points_max_add=5100; modifier.ship_crew_max_add=20; modifier.ship_movement_speed_add=14; modifier.ship_supply_capacity_add=180; modifier.ship_hull_damage_add=110; modifier.ship_crew_damage_add=60; modifier.ship_armor_add=340; modifier.ship_critical_hit_chance_add=0.6; modifier.ship_critical_hit_multiplier_add=5; modifier.ship_vulnerability_add=50; modifier.ship_screening_add=31; modifier.ship_readiness_gain_add=20; modifier.ship_accuracy_add=75; modifier.ship_visibility_add=310; modifier.ship_detection_add=1200; modifier.ship_blockade_strength_add=2400; construction_goods.goods_input_steel_add=4100; construction_goods.goods_input_engines_add=1600; construction_goods.goods_input_lead_add=1000; construction_goods.goods_input_computers_add=1000; materiel_goods.goods_input_oil_add=1.6; materiel_goods.goods_input_steel_add=1.4; materiel_goods.goods_input_lead_add=1; materiel_goods.goods_input_aeroplanes_add=1.4; materiel_goods.goods_input_computers_add=1.2,"Continue the final live per-tier delta (Era9→10; carrier Era7→8). Floors: crew >=20; vulnerability, marine capacity and carrying capacity >=0. Preserve all constant group, distance-damage, accuracy-vs-class, icon/profile, AI and flagship fields from the current final ship.","A hypersonic aviation carrier is built around aircraft and boost vehicles whose operating envelopes extend far beyond conventional naval aviation. Specialized launch, thermal, and maintenance systems let the carrier project force before an enemy fleet enters ordinary aircraft range."
ship_type_aircraft_carrier_11,Uncrewed Air Wing Carrier,tech_military_naval_forces_13,aircraft_carrier,modification_construction_cost=320; modifier.ship_max_distance_to_port_add=15; modifier.ship_construction_progress_max_add=80; modifier.ship_hit_points_max_add=5400; modifier.ship_crew_max_add=20; modifier.ship_movement_speed_add=15; modifier.ship_supply_capacity_add=190; modifier.ship_hull_damage_add=120; modifier.ship_crew_damage_add=65; modifier.ship_armor_add=360; modifier.ship_critical_hit_chance_add=0.65; modifier.ship_critical_hit_multiplier_add=5.5; modifier.ship_vulnerability_add=45; modifier.ship_screening_add=34; modifier.ship_readiness_gain_add=21; modifier.ship_accuracy_add=80; modifier.ship_visibility_add=340; modifier.ship_detection_add=1300; modifier.ship_blockade_strength_add=2700; construction_goods.goods_input_steel_add=4400; construction_goods.goods_input_engines_add=1700; construction_goods.goods_input_lead_add=1100; construction_goods.goods_input_computers_add=1100; materiel_goods.goods_input_oil_add=1.8; materiel_goods.goods_input_steel_add=1.6; materiel_goods.goods_input_lead_add=1.1; materiel_goods.goods_input_aeroplanes_add=1.6; materiel_goods.goods_input_computers_add=1.4,"Continue the final live per-tier delta (Era9→10; carrier Era7→8). Floors: crew >=20; vulnerability, marine capacity and carrying capacity >=0. Preserve all constant group, distance-damage, accuracy-vs-class, icon/profile, AI and flagship fields from the current final ship.","An uncrewed air wing removes the cockpit as the limiting factor in carrier aviation. Aircraft can be smaller, endure higher acceleration, remain airborne longer, and accept missions whose loss rates would be politically impossible for a human air group."
ship_type_aircraft_carrier_12,Drone Supercarrier,tech_military_naval_forces_14,aircraft_carrier,modification_construction_cost=340; modifier.ship_max_distance_to_port_add=16; modifier.ship_construction_progress_max_add=85; modifier.ship_hit_points_max_add=5700; modifier.ship_crew_max_add=20; modifier.ship_movement_speed_add=16; modifier.ship_supply_capacity_add=200; modifier.ship_hull_damage_add=130; modifier.ship_crew_damage_add=70; modifier.ship_armor_add=380; modifier.ship_critical_hit_chance_add=0.7; modifier.ship_critical_hit_multiplier_add=6; modifier.ship_vulnerability_add=40; modifier.ship_screening_add=37; modifier.ship_readiness_gain_add=22; modifier.ship_accuracy_add=85; modifier.ship_visibility_add=370; modifier.ship_detection_add=1400; modifier.ship_blockade_strength_add=3000; construction_goods.goods_input_steel_add=4700; construction_goods.goods_input_engines_add=1800; construction_goods.goods_input_lead_add=1200; construction_goods.goods_input_computers_add=1200; materiel_goods.goods_input_oil_add=2; materiel_goods.goods_input_steel_add=1.8; materiel_goods.goods_input_lead_add=1.2; materiel_goods.goods_input_aeroplanes_add=1.8; materiel_goods.goods_input_computers_add=1.6,"Continue the final live per-tier delta (Era9→10; carrier Era7→8). Floors: crew >=20; vulnerability, marine capacity and carrying capacity >=0. Preserve all constant group, distance-damage, accuracy-vs-class, icon/profile, AI and flagship fields from the current final ship.","The drone supercarrier launches not squadrons but ecosystems of specialized unmanned aircraft. Reconnaissance, jamming, interception, strike, tanker, decoy, and logistics drones cooperate continuously, allowing the air wing to rebuild its formation for each mission."
ship_type_aircraft_carrier_13,Directed-Energy Fleet Carrier,tech_military_naval_forces_15,aircraft_carrier,modification_construction_cost=360; modifier.ship_max_distance_to_port_add=17; modifier.ship_construction_progress_max_add=90; modifier.ship_hit_points_max_add=6000; modifier.ship_crew_max_add=20; modifier.ship_movement_speed_add=17; modifier.ship_supply_capacity_add=210; modifier.ship_hull_damage_add=140; modifier.ship_crew_damage_add=75; modifier.ship_armor_add=400; modifier.ship_critical_hit_chance_add=0.75; modifier.ship_critical_hit_multiplier_add=6.5; modifier.ship_vulnerability_add=35; modifier.ship_screening_add=40; modifier.ship_readiness_gain_add=23; modifier.ship_accuracy_add=90; modifier.ship_visibility_add=400; modifier.ship_detection_add=1500; modifier.ship_blockade_strength_add=3300; construction_goods.goods_input_steel_add=5000; construction_goods.goods_input_engines_add=1900; construction_goods.goods_input_lead_add=1300; construction_goods.goods_input_computers_add=1300; materiel_goods.goods_input_oil_add=2.2; materiel_goods.goods_input_steel_add=2; materiel_goods.goods_input_lead_add=1.3; materiel_goods.goods_input_aeroplanes_add=2; materiel_goods.goods_input_computers_add=1.8,"Continue the final live per-tier delta (Era9→10; carrier Era7→8). Floors: crew >=20; vulnerability, marine capacity and carrying capacity >=0. Preserve all constant group, distance-damage, accuracy-vs-class, icon/profile, AI and flagship fields from the current final ship.",Directed-energy defenses protect the fleet carrier from the enormous missile and drone salvos aimed at its flight operations. High-power lasers also support the air wing by blinding sensors and clearing aerial threats around vulnerable launch and recovery corridors.
ship_type_aircraft_carrier_14,Fusion Supercarrier,tech_military_naval_forces_16,aircraft_carrier,modification_construction_cost=380; modifier.ship_max_distance_to_port_add=18; modifier.ship_construction_progress_max_add=95; modifier.ship_hit_points_max_add=6300; modifier.ship_crew_max_add=20; modifier.ship_movement_speed_add=18; modifier.ship_supply_capacity_add=220; modifier.ship_hull_damage_add=150; modifier.ship_crew_damage_add=80; modifier.ship_armor_add=420; modifier.ship_critical_hit_chance_add=0.8; modifier.ship_critical_hit_multiplier_add=7; modifier.ship_vulnerability_add=30; modifier.ship_screening_add=43; modifier.ship_readiness_gain_add=24; modifier.ship_accuracy_add=95; modifier.ship_visibility_add=430; modifier.ship_detection_add=1600; modifier.ship_blockade_strength_add=3600; construction_goods.goods_input_steel_add=5300; construction_goods.goods_input_engines_add=2000; construction_goods.goods_input_lead_add=1400; construction_goods.goods_input_computers_add=1400; materiel_goods.goods_input_oil_add=2.4; materiel_goods.goods_input_steel_add=2.2; materiel_goods.goods_input_lead_add=1.4; materiel_goods.goods_input_aeroplanes_add=2.2; materiel_goods.goods_input_computers_add=2,"Continue the final live per-tier delta (Era9→10; carrier Era7→8). Floors: crew >=20; vulnerability, marine capacity and carrying capacity >=0. Preserve all constant group, distance-damage, accuracy-vs-class, icon/profile, AI and flagship fields from the current final ship.","Fusion power supports electromagnetic launch systems, high-energy defenses, fabrication facilities, and a permanently active sensor suite without forcing tradeoffs in propulsion endurance. The carrier can sustain intensive flight operations far from conventional fuel infrastructure."
ship_type_aircraft_carrier_15,Near-Space Aerospace Carrier,tech_military_naval_forces_17,aircraft_carrier,modification_construction_cost=400; modifier.ship_max_distance_to_port_add=19; modifier.ship_construction_progress_max_add=100; modifier.ship_hit_points_max_add=6600; modifier.ship_crew_max_add=20; modifier.ship_movement_speed_add=19; modifier.ship_supply_capacity_add=230; modifier.ship_hull_damage_add=160; modifier.ship_crew_damage_add=85; modifier.ship_armor_add=440; modifier.ship_critical_hit_chance_add=0.85; modifier.ship_critical_hit_multiplier_add=7.5; modifier.ship_vulnerability_add=25; modifier.ship_screening_add=46; modifier.ship_readiness_gain_add=25; modifier.ship_accuracy_add=100; modifier.ship_visibility_add=460; modifier.ship_detection_add=1700; modifier.ship_blockade_strength_add=3900; construction_goods.goods_input_steel_add=5600; construction_goods.goods_input_engines_add=2100; construction_goods.goods_input_lead_add=1500; construction_goods.goods_input_computers_add=1500; materiel_goods.goods_input_oil_add=2.6; materiel_goods.goods_input_steel_add=2.4; materiel_goods.goods_input_lead_add=1.5; materiel_goods.goods_input_aeroplanes_add=2.4; materiel_goods.goods_input_computers_add=2.2,"Continue the final live per-tier delta (Era9→10; carrier Era7→8). Floors: crew >=20; vulnerability, marine capacity and carrying capacity >=0. Preserve all constant group, distance-damage, accuracy-vs-class, icon/profile, AI and flagship fields from the current final ship.","Near-space aerospace carriers operate craft that climb beyond normal aviation and return without the fixed infrastructure of a terrestrial spaceport. Their air wings can intercept boost vehicles, attack satellites in low orbit, and descend onto targets from trajectories traditional defenses were never built to cover."
ship_type_aircraft_carrier_16,Orbital-Linked Carrier,tech_military_naval_forces_18,aircraft_carrier,modification_construction_cost=420; modifier.ship_max_distance_to_port_add=20; modifier.ship_construction_progress_max_add=105; modifier.ship_hit_points_max_add=6900; modifier.ship_crew_max_add=20; modifier.ship_movement_speed_add=20; modifier.ship_supply_capacity_add=240; modifier.ship_hull_damage_add=170; modifier.ship_crew_damage_add=90; modifier.ship_armor_add=460; modifier.ship_critical_hit_chance_add=0.9; modifier.ship_critical_hit_multiplier_add=8; modifier.ship_vulnerability_add=20; modifier.ship_screening_add=49; modifier.ship_readiness_gain_add=26; modifier.ship_accuracy_add=105; modifier.ship_visibility_add=490; modifier.ship_detection_add=1800; modifier.ship_blockade_strength_add=4200; construction_goods.goods_input_steel_add=5900; construction_goods.goods_input_engines_add=2200; construction_goods.goods_input_lead_add=1600; construction_goods.goods_input_computers_add=1600; materiel_goods.goods_input_oil_add=2.8; materiel_goods.goods_input_steel_add=2.6; materiel_goods.goods_input_lead_add=1.6; materiel_goods.goods_input_aeroplanes_add=2.6; materiel_goods.goods_input_computers_add=2.4,"Continue the final live per-tier delta (Era9→10; carrier Era7→8). Floors: crew >=20; vulnerability, marine capacity and carrying capacity >=0. Preserve all constant group, distance-damage, accuracy-vs-class, icon/profile, AI and flagship fields from the current final ship.","Orbital-linked carriers plan air operations with continuous tracks from space-based sensors and communications. Aircraft launch already knowing the location and predicted movement of targets far beyond the fleet horizon, while the carrier itself becomes a node in orbital defense and strike networks."
ship_type_aircraft_carrier_17,Self-Sustaining Oceanic Carrier,tech_military_naval_forces_19,aircraft_carrier,modification_construction_cost=440; modifier.ship_max_distance_to_port_add=21; modifier.ship_construction_progress_max_add=110; modifier.ship_hit_points_max_add=7200; modifier.ship_crew_max_add=20; modifier.ship_movement_speed_add=21; modifier.ship_supply_capacity_add=250; modifier.ship_hull_damage_add=180; modifier.ship_crew_damage_add=95; modifier.ship_armor_add=480; modifier.ship_critical_hit_chance_add=0.95; modifier.ship_critical_hit_multiplier_add=8.5; modifier.ship_vulnerability_add=15; modifier.ship_screening_add=52; modifier.ship_readiness_gain_add=27; modifier.ship_accuracy_add=110; modifier.ship_visibility_add=520; modifier.ship_detection_add=1900; modifier.ship_blockade_strength_add=4500; construction_goods.goods_input_steel_add=6200; construction_goods.goods_input_engines_add=2300; construction_goods.goods_input_lead_add=1700; construction_goods.goods_input_computers_add=1700; materiel_goods.goods_input_oil_add=3; materiel_goods.goods_input_steel_add=2.8; materiel_goods.goods_input_lead_add=1.7; materiel_goods.goods_input_aeroplanes_add=2.8; materiel_goods.goods_input_computers_add=2.6,"Continue the final live per-tier delta (Era9→10; carrier Era7→8). Floors: crew >=20; vulnerability, marine capacity and carrying capacity >=0. Preserve all constant group, distance-damage, accuracy-vs-class, icon/profile, AI and flagship fields from the current final ship.","Self-sustaining oceanic carriers contain extensive fabrication, recycling, automated maintenance, and stores for very long deployments. Their air wings can be repaired and partially rebuilt at sea, reducing dependence on the handful of ports capable of servicing a capital aviation ship."
ship_type_aircraft_carrier_18,Planetary Aerospace Carrier,tech_military_naval_forces_20,aircraft_carrier,modification_construction_cost=460; modifier.ship_max_distance_to_port_add=22; modifier.ship_construction_progress_max_add=115; modifier.ship_hit_points_max_add=7500; modifier.ship_crew_max_add=20; modifier.ship_movement_speed_add=22; modifier.ship_supply_capacity_add=260; modifier.ship_hull_damage_add=190; modifier.ship_crew_damage_add=100; modifier.ship_armor_add=500; modifier.ship_critical_hit_chance_add=1; modifier.ship_critical_hit_multiplier_add=9; modifier.ship_vulnerability_add=10; modifier.ship_screening_add=55; modifier.ship_readiness_gain_add=28; modifier.ship_accuracy_add=115; modifier.ship_visibility_add=550; modifier.ship_detection_add=2000; modifier.ship_blockade_strength_add=4800; construction_goods.goods_input_steel_add=6500; construction_goods.goods_input_engines_add=2400; construction_goods.goods_input_lead_add=1800; construction_goods.goods_input_computers_add=1800; materiel_goods.goods_input_oil_add=3.2; materiel_goods.goods_input_steel_add=3; materiel_goods.goods_input_lead_add=1.8; materiel_goods.goods_input_aeroplanes_add=3; materiel_goods.goods_input_computers_add=2.8,"Continue the final live per-tier delta (Era9→10; carrier Era7→8). Floors: crew >=20; vulnerability, marine capacity and carrying capacity >=0. Preserve all constant group, distance-damage, accuracy-vs-class, icon/profile, AI and flagship fields from the current final ship.","The planetary aerospace carrier coordinates aircraft, near-space craft, drones, and orbital assets as one integrated wing. From the ocean it can shape combat from sea level to low orbit, making the carrier less an airfield at sea than a mobile aerospace command complex."
ship_type_modern_troop_ship_3,Autonomous Strategic Sealift Ship,tech_sea_infrastructure_13,troop_ship,modification_construction_cost=50; modifier.ship_max_distance_to_port_add=16; modifier.ship_construction_progress_max_add=25; modifier.ship_hit_points_max_add=6000; modifier.ship_crew_max_add=800; modifier.ship_movement_speed_add=6; modifier.ship_supply_capacity_add=220; modifier.ship_hull_damage_add=40; modifier.ship_crew_damage_add=24; modifier.ship_armor_add=32; modifier.ship_critical_hit_chance_add=0.2; modifier.ship_critical_hit_multiplier_add=5; modifier.ship_vulnerability_add=400; modifier.ship_screening_add=20; modifier.ship_readiness_gain_add=40; modifier.ship_accuracy_add=20; modifier.ship_visibility_add=40; modifier.ship_detection_add=40; modifier.ship_blockade_strength_add=20; modifier.ship_carrying_capacity_add=80; modifier.ship_marine_capacity_add=1; construction_goods.goods_input_steel_add=2080; construction_goods.goods_input_engines_add=114,"Continue the last live troop-ship delta (ship_type_troop_ship_1→2); preserve group, icon/profile, distance damage and AI fields.","Autonomous cargo handling, robotic landing craft, and machine-managed stores let strategic sealift unload enormous forces with little prepared port infrastructure. Vehicles and supplies are sorted for combat before arrival, reducing the chaotic shore-side buildup that once slowed amphibious deployment."
ship_type_modern_troop_ship_4,Planetary Strategic Sealift Ship,tech_sea_infrastructure_18,troop_ship,modification_construction_cost=60; modifier.ship_max_distance_to_port_add=20; modifier.ship_construction_progress_max_add=25; modifier.ship_hit_points_max_add=7500; modifier.ship_crew_max_add=1000; modifier.ship_movement_speed_add=6.5; modifier.ship_supply_capacity_add=275; modifier.ship_hull_damage_add=50; modifier.ship_crew_damage_add=30; modifier.ship_armor_add=40; modifier.ship_critical_hit_chance_add=0.25; modifier.ship_critical_hit_multiplier_add=6.25; modifier.ship_vulnerability_add=500; modifier.ship_screening_add=25; modifier.ship_readiness_gain_add=50; modifier.ship_accuracy_add=25; modifier.ship_visibility_add=50; modifier.ship_detection_add=50; modifier.ship_blockade_strength_add=25; modifier.ship_carrying_capacity_add=100; modifier.ship_marine_capacity_add=1.25; construction_goods.goods_input_steel_add=2600; construction_goods.goods_input_engines_add=140,"Continue the last live troop-ship delta (ship_type_troop_ship_1→2); preserve group, icon/profile, distance damage and AI fields.","Planetary strategic sealift is designed to move entire expeditionary systems rather than simply soldiers. Mobile factories, autonomous logistics, prefabricated bases, vehicles, and life-support stores travel as an integrated package so a force can establish itself on an austere coast almost immediately."
